id,first_name,last_name,email,gender,ip_address
1,Goran,Birtonshaw,gbirtonshaw0@people.com.cn,Agender,84.129.79.154
2,Rubin,Paeckmeyer,rpaeckmeyer1@godaddy.com,Female,179.85.117.136
3,Cicily,Galletly,cgalletly2@reverbnation.com,Genderqueer,82.68.160.187
4,Maudie,Tremathick,mtremathick3@etsy.com,Polygender,175.140.108.73
5,Eddie,Guittet,eguittet4@cisco.com,Non-binary,18.163.34.124
6,Abbot,Hendrichs,ahendrichs5@about.me,Male,35.191.193.6
7,Jeannie,Crimmins,jcrimmins6@twitter.com,Genderqueer,130.239.213.125
8,Hershel,Fusco,hfusco7@census.gov,Non-binary,63.164.120.33
9,Mickey,Layfield,mlayfield8@indiegogo.com,Genderqueer,30.142.120.96
10,Carmelle,Treen,ctreen9@blogger.com,Agender,126.252.216.40
11,Donavon,Crumb,dcrumba@spiegel.de,Non-binary,38.19.210.42
12,Hedy,Heisman,hheismanb@huffingtonpost.com,Genderqueer,129.210.16.146
13,Janka,Gammell,jgammellc@pbs.org,Polygender,165.213.133.114
14,Frederigo,Von Salzberg,fvonsalzbergd@dyndns.org,Genderqueer,199.53.216.69
15,Eleanora,Toulson,etoulsone@aol.com,Polygender,229.118.71.232
16,Jere,Waggitt,jwaggittf@printfriendly.com,Male,39.194.212.243
17,Gabriel,Godby,ggodbyg@indiatimes.com,Male,208.126.186.158
18,Rriocard,McKague,rmckagueh@mediafire.com,Genderfluid,42.172.112.92
19,Sibelle,Anmore,sanmorei@discovery.com,Polygender,129.236.23.90
20,Kattie,Govinlock,kgovinlockj@ucla.edu,Polygender,25.3.187.77
21,Derrick,Penreth,dpenrethk@alexa.com,Polygender,66.50.104.157
22,Dorolice,Timoney,dtimoneyl@cornell.edu,Male,186.81.82.226
23,Dana,Hynard,dhynardm@opera.com,Agender,112.130.124.86
24,Aarika,Van Baaren,avanbaarenn@hc360.com,Non-binary,30.171.8.133
25,Cristobal,Wittey,cwitteyo@japanpost.jp,Genderqueer,19.95.206.153
26,Kiley,Cutill,kcutillp@geocities.com,Bigender,90.116.108.212
27,Dominga,Dealtry,ddealtryq@cmu.edu,Female,238.193.145.155
28,Laurella,McGawn,lmcgawnr@cnbc.com,Polygender,9.20.76.180
29,Genny,Peltzer,gpeltzers@imageshack.us,Agender,191.123.246.112
30,Gusti,Alliott,galliottt@adobe.com,Polygender,86.160.187.206
31,Mario,Siaspinski,msiaspinskiu@dedecms.com,Polygender,220.243.205.253
32,Carmencita,Glendining,cglendiningv@craigslist.org,Agender,13.12.28.192
33,Candice,St Quenin,cstqueninw@pagesperso-orange.fr,Genderqueer,116.80.154.3
34,Bridget,Stower,bstowerx@oaic.gov.au,Female,103.209.172.159
35,Fabian,Sandle,fsandley@gov.uk,Genderfluid,74.14.83.32
36,Sonny,Lydiate,slydiatez@nytimes.com,Agender,94.119.94.162
37,Hy,Preuvost,hpreuvost10@sakura.ne.jp,Genderfluid,23.90.56.179
38,Dom,Lightwood,dlightwood11@adobe.com,Genderfluid,111.3.214.219
39,Merridie,Chesson,mchesson12@squarespace.com,Bigender,198.180.227.5
40,Karia,Scyone,kscyone13@businessweek.com,Bigender,106.172.41.163
41,Prudi,Slym,pslym14@engadget.com,Male,5.76.3.143
42,Henry,Boland,hboland15@cargocollective.com,Female,59.21.209.30
43,Doretta,Prettejohns,dprettejohns16@geocities.com,Female,246.40.102.181
44,Geralda,Mayhead,gmayhead17@comsenz.com,Polygender,202.22.158.255
45,Friedrich,Gimeno,fgimeno18@techcrunch.com,Male,130.6.39.245
46,Eba,Millan,emillan19@weebly.com,Bigender,245.60.207.146
47,Jodi,Fenty,jfenty1a@ning.com,Agender,214.215.230.9
48,Jilli,Itzkovwich,jitzkovwich1b@harvard.edu,Bigender,217.155.251.81
49,Jena,Merali,jmerali1c@mac.com,Non-binary,163.34.213.155
50,Cozmo,Graffham,cgraffham1d@cbc.ca,Polygender,131.61.13.206
51,Brendis,Turnock,bturnock1e@theatlantic.com,Bigender,63.40.85.82
52,Jayson,Bowden,jbowden1f@creativecommons.org,Genderqueer,101.160.137.209
53,Sinclair,Rosario,srosario1g@washington.edu,Genderfluid,105.226.79.192
54,Eddy,Tommasetti,etommasetti1h@gizmodo.com,Non-binary,22.168.53.233
55,Margarita,Snyder,msnyder1i@phpbb.com,Female,193.158.184.218
56,Corabella,Burgett,cburgett1j@gravatar.com,Bigender,16.126.234.1
57,Allin,Fanshawe,afanshawe1k@salon.com,Genderfluid,197.148.76.175
58,Marcelle,Sammes,msammes1l@pagesperso-orange.fr,Agender,163.46.114.15
59,Donal,Fagan,dfagan1m@alexa.com,Male,17.229.163.97
60,Colline,Brehault,cbrehault1n@toplist.cz,Agender,108.121.153.254
61,Mavis,Garrity,mgarrity1o@ca.gov,Male,177.124.137.183
62,Harriott,Keford,hkeford1p@businessweek.com,Genderfluid,57.79.149.212
63,Rozelle,Adnam,radnam1q@tumblr.com,Non-binary,218.30.248.159
64,Berta,Daal,bdaal1r@linkedin.com,Female,80.126.241.201
65,Lavena,Jorger,ljorger1s@paginegialle.it,Genderqueer,242.71.170.110
66,Neddy,Blythin,nblythin1t@berkeley.edu,Non-binary,250.117.167.171
67,Benny,Woodall,bwoodall1u@whitehouse.gov,Female,14.133.54.34
68,Sydney,Priestner,spriestner1v@mozilla.org,Genderfluid,237.197.120.253
69,Zolly,Blaksley,zblaksley1w@sohu.com,Polygender,207.4.147.245
70,Darrell,Allpress,dallpress1x@seattletimes.com,Bigender,24.19.232.114
71,Jeni,Esland,jesland1y@aol.com,Genderfluid,0.193.187.129
72,Herman,Vasenkov,hvasenkov1z@people.com.cn,Female,77.4.119.69
73,Leontine,Moens,lmoens20@aboutads.info,Non-binary,208.2.15.6
74,Aleece,Peasby,apeasby21@drupal.org,Non-binary,204.179.178.137
75,Towney,Laroux,tlaroux22@skyrock.com,Female,49.174.119.139
76,Ferrell,Furse,ffurse23@marketwatch.com,Genderqueer,230.190.208.18
77,Tracey,Shingles,tshingles24@jigsy.com,Non-binary,219.52.75.161
78,Haskel,Werlock,hwerlock25@topsy.com,Genderqueer,98.83.67.142
79,Hoebart,Duplain,hduplain26@scientificamerican.com,Bigender,147.175.50.166
80,Maxwell,Gallemore,mgallemore27@amazon.de,Non-binary,99.164.159.114
81,Archibold,Beckford,abeckford28@t.co,Agender,170.38.134.185
82,Cristal,Kleinsinger,ckleinsinger29@google.co.uk,Non-binary,184.87.21.150
83,Nana,Cabel,ncabel2a@toplist.cz,Genderfluid,249.85.252.209
84,Ilse,Brotheridge,ibrotheridge2b@engadget.com,Genderfluid,221.138.134.96
85,Ciel,Welden,cwelden2c@patch.com,Non-binary,240.116.56.60
86,Henriette,Lamberto,hlamberto2d@prlog.org,Genderqueer,6.38.153.26
87,Dewey,Linden,dlinden2e@geocities.com,Agender,183.194.250.4
88,Denney,Ames,dames2f@plala.or.jp,Male,188.25.47.122
89,Dulce,Cowlas,dcowlas2g@vimeo.com,Agender,114.32.130.95
90,Kristopher,Duprey,kduprey2h@goo.gl,Non-binary,51.222.159.186
91,Louie,Togwell,ltogwell2i@tuttocitta.it,Genderqueer,135.183.124.110
92,Brooks,Darkin,bdarkin2j@oracle.com,Non-binary,214.197.147.220
93,Aubine,Eaken,aeaken2k@goodreads.com,Genderqueer,142.165.62.142
94,Freeland,Rozea,frozea2l@oakley.com,Polygender,149.186.126.156
95,Sophey,Simmers,ssimmers2m@jigsy.com,Female,187.15.69.129
96,Auria,Reynard,areynard2n@a8.net,Male,249.93.181.13
97,Jarrad,Alexis,jalexis2o@skype.com,Female,102.1.153.253
98,Jobi,Fireman,jfireman2p@netvibes.com,Genderfluid,178.28.94.10
99,Evangelina,Suett,esuett2q@4shared.com,Polygender,237.159.64.49
100,Bartie,Wink,bwink2r@independent.co.uk,Polygender,197.24.196.140
101,Gideon,Witcombe,gwitcombe2s@omniture.com,Genderfluid,205.35.76.24
102,Porter,Lett,plett2t@hao123.com,Non-binary,96.16.41.177
103,Lucina,Nordass,lnordass2u@lycos.com,Polygender,182.104.199.195
104,Konstance,MacAne,kmacane2v@yellowbook.com,Genderqueer,219.97.30.95
105,Fayette,Blinerman,fblinerman2w@samsung.com,Genderqueer,173.160.129.195
106,Irwinn,Santoro,isantoro2x@jigsy.com,Female,102.184.135.194
107,Torey,Torrans,ttorrans2y@microsoft.com,Non-binary,146.65.31.4
108,Dmitri,Sherebrook,dsherebrook2z@furl.net,Bigender,13.89.217.161
109,Melany,Cossom,mcossom30@linkedin.com,Agender,200.94.244.107
110,Trumaine,Le Fevre,tlefevre31@shutterfly.com,Female,92.149.22.198
111,Krystal,Wilde,kwilde32@blogs.com,Male,193.176.28.223
112,Melinda,Brunotti,mbrunotti33@japanpost.jp,Non-binary,73.64.150.100
113,Sorcha,Bothbie,sbothbie34@sphinn.com,Non-binary,138.22.150.255
114,Ardine,Mastrantone,amastrantone35@tuttocitta.it,Agender,251.235.59.231
115,Domingo,Heads,dheads36@ucoz.com,Male,178.17.138.64
116,Chen,Wick,cwick37@myspace.com,Agender,30.6.16.102
117,Lalo,Pote,lpote38@hp.com,Agender,8.0.93.141
118,Kati,Lummasana,klummasana39@google.ca,Genderfluid,119.248.112.247
119,Lotty,Epinoy,lepinoy3a@deliciousdays.com,Male,97.219.184.44
120,Mackenzie,Calow,mcalow3b@ucoz.com,Female,127.63.35.25
121,Reese,Blasoni,rblasoni3c@fotki.com,Genderfluid,234.3.223.104
122,Gannie,Dot,gdot3d@acquirethisname.com,Agender,167.176.185.40
123,Agatha,Gillatt,agillatt3e@arizona.edu,Polygender,44.70.40.15
124,Nowell,Beynon,nbeynon3f@fema.gov,Polygender,161.187.69.55
125,Janaye,Casone,jcasone3g@github.io,Genderqueer,131.107.101.188
126,Raimondo,Thursby,rthursby3h@chronoengine.com,Agender,158.220.92.225
127,Marjory,Ollie,mollie3i@networksolutions.com,Female,1.211.32.127
128,Lyndsey,Shortall,lshortall3j@mac.com,Female,227.50.109.155
129,Tomas,Suart,tsuart3k@taobao.com,Agender,9.56.237.187
130,Cristen,Hars,chars3l@wikia.com,Male,116.37.11.46
131,Carling,Morritt,cmorritt3m@cnn.com,Female,206.92.247.199
132,Ring,Sarney,rsarney3n@privacy.gov.au,Female,177.108.198.105
133,Marthe,Bellam,mbellam3o@feedburner.com,Genderfluid,252.167.153.14
134,Bartholemy,Livoir,blivoir3p@auda.org.au,Genderfluid,5.203.79.128
135,Rici,Coltart,rcoltart3q@cnet.com,Bigender,101.206.58.160
136,Seymour,Tessyman,stessyman3r@hexun.com,Female,182.186.202.193
137,Marshal,Pallaske,mpallaske3s@epa.gov,Agender,98.126.52.131
138,Gaspard,Gooms,ggooms3t@myspace.com,Non-binary,200.82.168.138
139,Juana,Hightown,jhightown3u@msn.com,Bigender,79.34.174.24
140,Matty,Ambrogi,mambrogi3v@google.nl,Genderqueer,205.121.125.4
141,Rowen,Musso,rmusso3w@slashdot.org,Agender,15.153.230.146
142,Laney,Kehir,lkehir3x@pinterest.com,Female,192.240.154.103
143,Mirabella,Weare,mweare3y@sourceforge.net,Genderqueer,243.211.54.166
144,Angela,Braunes,abraunes3z@bbb.org,Genderqueer,128.86.125.66
145,Diarmid,Zeale,dzeale40@wufoo.com,Agender,119.194.24.197
146,Dottie,Iscowitz,discowitz41@dot.gov,Non-binary,130.76.100.13
147,Keenan,Ind,kind42@e-recht24.de,Genderfluid,53.106.80.15
148,Basile,Seedman,bseedman43@sphinn.com,Genderqueer,243.19.201.249
149,Roxana,McRinn,rmcrinn44@sogou.com,Genderfluid,98.31.168.58
150,Loise,Santoro,lsantoro45@oracle.com,Genderfluid,22.77.134.69
151,Wenonah,Readings,wreadings46@irs.gov,Female,215.197.215.41
152,Emmalyn,Briggdale,ebriggdale47@w3.org,Male,94.114.56.111
153,Adelaida,Morphet,amorphet48@smh.com.au,Polygender,17.108.9.211
154,Tomasine,Clears,tclears49@t.co,Female,244.95.25.142
155,Sara-ann,Gatecliffe,sgatecliffe4a@loc.gov,Genderqueer,244.80.116.4
156,Barby,Renehan,brenehan4b@nationalgeographic.com,Genderfluid,176.79.139.86
157,Antonia,Hankard,ahankard4c@msn.com,Bigender,20.49.236.203
158,See,Donnelly,sdonnelly4d@hugedomains.com,Agender,195.126.23.78
159,Moshe,Drover,mdrover4e@microsoft.com,Agender,238.178.24.230
160,Raquel,Drynan,rdrynan4f@spiegel.de,Female,21.141.138.3
161,Anselma,Gouny,agouny4g@geocities.com,Agender,182.57.144.22
162,Anastasie,Everard,aeverard4h@etsy.com,Female,61.96.109.228
163,August,Jockle,ajockle4i@nbcnews.com,Genderqueer,11.166.91.49
164,Carolus,Pollastro,cpollastro4j@epa.gov,Female,132.58.120.210
165,Katee,Maas,kmaas4k@wikia.com,Genderfluid,99.176.205.156
166,Brade,Simenel,bsimenel4l@oakley.com,Non-binary,79.218.147.144
167,Gerda,Rawles,grawles4m@youtube.com,Female,168.205.61.137
168,Peadar,MacWilliam,pmacwilliam4n@hibu.com,Male,252.235.223.252
169,Linnet,Guerrazzi,lguerrazzi4o@qq.com,Polygender,135.169.49.37
170,Darcey,Antonnikov,dantonnikov4p@topsy.com,Non-binary,230.50.76.67
171,Sawyere,Orknay,sorknay4q@thetimes.co.uk,Bigender,174.157.238.81
172,Errol,Rudolph,erudolph4r@microsoft.com,Agender,225.50.220.111
173,Marjie,Chrippes,mchrippes4s@cloudflare.com,Bigender,27.109.225.63
174,Sarajane,Filer,sfiler4t@google.fr,Bigender,104.127.161.215
175,Coretta,Jorck,cjorck4u@booking.com,Agender,180.41.151.26
176,Cassandre,Lindenman,clindenman4v@google.pl,Genderqueer,189.95.32.228
177,Nehemiah,Bascomb,nbascomb4w@oakley.com,Female,144.183.220.14
178,Noreen,Halbard,nhalbard4x@1und1.de,Non-binary,190.15.81.149
179,Ninon,Penny,npenny4y@reverbnation.com,Male,34.161.19.159
180,Ryun,Northcliffe,rnorthcliffe4z@g.co,Male,224.74.60.123
181,Shayla,Nisot,snisot50@ask.com,Genderqueer,238.244.51.116
182,Dierdre,Lugden,dlugden51@wordpress.com,Bigender,253.249.98.169
183,Barnie,Yoslowitz,byoslowitz52@dmoz.org,Female,247.205.72.57
184,Bibi,Guiraud,bguiraud53@sakura.ne.jp,Genderqueer,13.194.180.102
185,Anatole,Laydon,alaydon54@nbcnews.com,Agender,173.185.181.79
186,Laurel,Locket,llocket55@foxnews.com,Polygender,232.113.28.202
187,Padraig,Causby,pcausby56@theglobeandmail.com,Female,187.49.143.116
188,Wendy,Adamkiewicz,wadamkiewicz57@dagondesign.com,Polygender,51.51.247.40
189,Jaquenette,Mowday,jmowday58@hao123.com,Male,71.24.126.26
190,Boone,Godsmark,bgodsmark59@scribd.com,Male,141.218.192.142
191,Carlotta,Castanone,ccastanone5a@netscape.com,Bigender,41.55.147.154
192,Lynn,Lindwall,llindwall5b@aboutads.info,Non-binary,63.57.38.206
193,Alica,Moquin,amoquin5c@forbes.com,Genderqueer,135.111.134.10
194,Trenton,Jansik,tjansik5d@gravatar.com,Bigender,122.68.93.111
195,Giana,Benardette,gbenardette5e@census.gov,Non-binary,78.132.156.90
196,Ede,Scarlett,escarlett5f@domainmarket.com,Genderqueer,144.159.79.182
197,Nara,Gurwood,ngurwood5g@google.com.br,Genderqueer,168.15.153.138
198,Michelina,Goodband,mgoodband5h@rambler.ru,Non-binary,93.244.62.228
199,Gaspar,Yakhin,gyakhin5i@amazon.de,Male,251.252.45.146
200,Dasi,Stammers,dstammers5j@bluehost.com,Genderqueer,182.104.2.28
201,Donnell,Maidlow,dmaidlow5k@goodreads.com,Genderqueer,187.242.50.129
202,Agathe,Hains,ahains5l@sciencedaily.com,Polygender,96.16.192.229
203,Maisie,Gercken,mgercken5m@sciencedaily.com,Female,151.16.49.168
204,Zola,Rowles,zrowles5n@icq.com,Female,93.74.192.244
205,Brant,Olcot,bolcot5o@dailymail.co.uk,Bigender,26.11.100.139
206,Anetta,Samarth,asamarth5p@scribd.com,Genderfluid,130.220.205.145
207,Kimberly,Benger,kbenger5q@angelfire.com,Genderfluid,154.183.74.229
208,Candide,Goodbairn,cgoodbairn5r@slideshare.net,Agender,90.129.140.122
209,Marybeth,Horsted,mhorsted5s@mozilla.com,Agender,33.87.135.214
210,Kristo,Zamboniari,kzamboniari5t@mac.com,Polygender,141.235.240.42
211,Theresita,Duchart,tduchart5u@linkedin.com,Male,234.213.196.11
212,Hartley,Minguet,hminguet5v@deviantart.com,Genderqueer,180.163.162.214
213,Sheba,Gahagan,sgahagan5w@umn.edu,Genderfluid,152.86.186.74
214,Maren,Maron,mmaron5x@addthis.com,Polygender,98.131.27.205
215,Mellisa,Yanele,myanele5y@quantcast.com,Polygender,201.73.212.209
216,Guntar,Moroney,gmoroney5z@1und1.de,Genderfluid,231.110.219.102
217,Kit,Redmile,kredmile60@geocities.jp,Polygender,204.16.62.49
218,Doy,McCaughey,dmccaughey61@hp.com,Male,250.90.166.102
219,Elaine,Broseman,ebroseman62@issuu.com,Female,142.205.161.15
220,Katrinka,Larose,klarose63@google.com.hk,Male,167.194.144.67
221,Sheppard,Rosenbaum,srosenbaum64@gov.uk,Polygender,27.87.35.126
222,Lorraine,Bright,lbright65@wikipedia.org,Genderfluid,71.176.249.15
223,Tedra,Slidders,tslidders66@simplemachines.org,Genderqueer,233.100.130.243
224,Erl,Balmann,ebalmann67@yelp.com,Bigender,228.192.234.248
225,Silvano,Lambarth,slambarth68@nps.gov,Agender,162.103.26.74
226,Grantley,Blenkharn,gblenkharn69@networkadvertising.org,Female,27.229.6.202
227,Harris,Benterman,hbenterman6a@washington.edu,Male,124.47.70.105
228,Ania,Gunby,agunby6b@reference.com,Non-binary,15.3.210.169
229,Leodora,Buchan,lbuchan6c@indiegogo.com,Genderqueer,109.130.178.10
230,Stephani,Huortic,shuortic6d@flavors.me,Polygender,246.238.229.49
231,Lester,Callicott,lcallicott6e@dmoz.org,Bigender,151.224.59.181
232,Clemmy,Pelcheur,cpelcheur6f@bizjournals.com,Female,93.119.61.218
233,Rawley,O'Connel,roconnel6g@cornell.edu,Polygender,93.225.237.205
234,Trefor,Vasilkov,tvasilkov6h@simplemachines.org,Male,10.238.127.66
235,Minor,Pleming,mpleming6i@desdev.cn,Genderfluid,75.148.238.186
236,Mabelle,Jansa,mjansa6j@tmall.com,Genderfluid,220.85.135.82
237,Alford,Narramore,anarramore6k@slideshare.net,Male,93.54.52.131
238,Garrek,Gilbert,ggilbert6l@usatoday.com,Genderqueer,99.222.205.8
239,Tamra,Marrows,tmarrows6m@prlog.org,Bigender,36.165.80.250
240,Frasquito,Lapenna,flapenna6n@wiley.com,Male,202.88.58.25
241,Matelda,Held,mheld6o@telegraph.co.uk,Polygender,106.254.54.211
242,Waverley,Levinge,wlevinge6p@wordpress.com,Agender,249.126.127.252
243,Kathe,Upward,kupward6q@pagesperso-orange.fr,Genderfluid,218.201.155.104
244,Glynnis,Fitchett,gfitchett6r@prnewswire.com,Non-binary,72.233.16.54
245,Enoch,Priddy,epriddy6s@hhs.gov,Genderfluid,44.74.100.85
246,Tammy,Kenvin,tkenvin6t@guardian.co.uk,Bigender,5.237.61.75
247,Joete,Wick,jwick6u@canalblog.com,Agender,239.217.140.63
248,Arty,Kopmann,akopmann6v@tuttocitta.it,Genderfluid,158.49.92.252
249,Annis,Phythian,aphythian6w@archive.org,Agender,74.234.109.110
250,Jenifer,MacGruer,jmacgruer6x@twitpic.com,Male,129.105.27.212
251,Ferguson,MacIan,fmacian6y@geocities.jp,Agender,69.197.95.177
252,Lynn,Buchan,lbuchan6z@blog.com,Agender,100.126.30.201
253,Lowrance,Torbett,ltorbett70@addthis.com,Female,213.51.128.30
254,Durward,Marquiss,dmarquiss71@vimeo.com,Bigender,64.240.167.58
255,Marni,Chaise,mchaise72@issuu.com,Genderfluid,52.111.129.74
256,Ardelis,Freeman,afreeman73@globo.com,Male,52.102.157.57
257,Arnold,Tunder,atunder74@chicagotribune.com,Non-binary,160.186.59.249
258,Ketti,Wickardt,kwickardt75@wsj.com,Male,65.195.93.126
259,Anica,Lilly,alilly76@about.com,Male,205.17.158.0
260,Timothea,Rittmeyer,trittmeyer77@springer.com,Genderfluid,47.78.39.229
261,Kiley,Hiscocks,khiscocks78@eventbrite.com,Genderfluid,183.83.163.239
262,Lulita,Doles,ldoles79@macromedia.com,Genderfluid,245.247.235.28
263,Ryley,Scola,rscola7a@home.pl,Agender,127.47.62.74
264,Gabe,Bambra,gbambra7b@edublogs.org,Agender,107.100.225.16
265,Dukie,Polack,dpolack7c@friendfeed.com,Genderfluid,196.213.76.37
266,Cross,Daens,cdaens7d@cpanel.net,Polygender,5.202.255.86
267,Lauren,Pancoast,lpancoast7e@wp.com,Genderfluid,252.12.155.37
268,Madge,Linsey,mlinsey7f@pen.io,Bigender,142.57.169.93
269,Sofie,Ruffy,sruffy7g@desdev.cn,Male,192.31.187.24
270,Kliment,Connick,kconnick7h@bizjournals.com,Non-binary,126.87.18.164
271,Rhody,Capnerhurst,rcapnerhurst7i@china.com.cn,Genderqueer,21.88.188.188
272,Clem,Carden,ccarden7j@amazon.com,Genderqueer,87.65.101.130
273,Antonia,Kennerley,akennerley7k@sfgate.com,Female,53.233.83.92
274,Linette,Luscott,lluscott7l@fema.gov,Bigender,61.166.203.122
275,Barb,Morfield,bmorfield7m@goodreads.com,Agender,40.105.252.132
276,Orbadiah,Meineken,omeineken7n@mtv.com,Agender,132.201.69.48
277,Chelsea,Pock,cpock7o@tripod.com,Non-binary,211.149.139.110
278,Gabriela,Pietrzak,gpietrzak7p@sbwire.com,Genderqueer,223.182.108.133
279,Sheridan,Cogdon,scogdon7q@vkontakte.ru,Agender,102.107.127.24
280,Ulrike,Jaffray,ujaffray7r@blogs.com,Genderqueer,146.255.253.254
281,Kary,Sawney,ksawney7s@thetimes.co.uk,Polygender,39.235.255.24
282,Newton,Soan,nsoan7t@elegantthemes.com,Genderqueer,69.222.11.150
283,Dulce,O'Garmen,dogarmen7u@jugem.jp,Genderfluid,70.213.111.152
284,Tommie,Lorentz,tlorentz7v@biglobe.ne.jp,Male,70.179.92.207
285,Barnabas,Simmonds,bsimmonds7w@mapy.cz,Genderqueer,250.153.243.54
286,Waite,Casse,wcasse7x@usda.gov,Non-binary,130.177.214.88
287,Bud,Lanfere,blanfere7y@reference.com,Genderfluid,12.18.158.161
288,Darcy,Jenyns,djenyns7z@skyrock.com,Non-binary,91.154.206.163
289,Salvador,Gibbons,sgibbons80@upenn.edu,Genderqueer,37.63.250.214
290,Olag,Tunnadine,otunnadine81@nasa.gov,Male,149.139.237.244
291,Tammie,Yakebovitch,tyakebovitch82@liveinternet.ru,Bigender,212.204.243.89
292,Bellanca,Egerton,begerton83@4shared.com,Polygender,46.39.252.101
293,Elane,Glasner,eglasner84@loc.gov,Agender,172.73.185.118
294,Ferdy,Bamlett,fbamlett85@umn.edu,Bigender,204.166.81.134
295,Joycelin,Fitzsymon,jfitzsymon86@home.pl,Male,48.252.203.205
296,Lee,Itzkovitch,litzkovitch87@yahoo.co.jp,Male,242.220.209.135
297,Marlena,Libbis,mlibbis88@storify.com,Female,86.154.120.45
298,Vonny,Sommerlie,vsommerlie89@trellian.com,Bigender,152.186.60.107
299,Abbe,Brewse,abrewse8a@omniture.com,Non-binary,25.79.118.226
300,Krispin,Dowbekin,kdowbekin8b@pen.io,Bigender,55.55.72.253
301,Jenn,Knowles,jknowles8c@moonfruit.com,Female,104.231.117.224
302,Paulina,Minto,pminto8d@google.co.uk,Non-binary,40.90.238.130
303,Constantia,Plevin,cplevin8e@howstuffworks.com,Bigender,85.64.130.191
304,Erastus,Westcarr,ewestcarr8f@utexas.edu,Male,223.85.208.68
305,Jocelyne,Brislen,jbrislen8g@issuu.com,Genderfluid,251.239.141.241
306,Alfy,Martschik,amartschik8h@scribd.com,Genderqueer,183.65.254.163
307,Jamison,Shepherdson,jshepherdson8i@hp.com,Male,198.14.92.8
308,Winnah,Ceney,wceney8j@discuz.net,Agender,80.176.199.95
309,Finlay,Lilbourne,flilbourne8k@livejournal.com,Genderfluid,88.133.134.170
310,Leola,Morriarty,lmorriarty8l@mapy.cz,Female,54.32.190.106
311,Marquita,Truder,mtruder8m@etsy.com,Male,187.228.155.42
312,Cheryl,Gillebert,cgillebert8n@tripod.com,Non-binary,37.136.210.155
313,Efrem,Waggatt,ewaggatt8o@360.cn,Genderqueer,208.84.82.53
314,Yetta,Grinston,ygrinston8p@zimbio.com,Bigender,219.166.201.87
315,Jess,Skerritt,jskerritt8q@webmd.com,Male,118.214.148.129
316,Alayne,Courtese,acourtese8r@mapquest.com,Agender,248.240.203.46
317,Joy,Satford,jsatford8s@wikispaces.com,Polygender,211.137.12.168
318,Belva,Harsant,bharsant8t@theglobeandmail.com,Non-binary,110.149.175.226
319,Harland,Chetwin,hchetwin8u@columbia.edu,Genderqueer,129.202.237.29
320,Corabelle,Melpuss,cmelpuss8v@odnoklassniki.ru,Agender,165.158.236.207
321,Sheila-kathryn,Cragoe,scragoe8w@rambler.ru,Agender,104.115.71.209
322,Dot,Butterfield,dbutterfield8x@google.nl,Non-binary,100.31.122.26
323,Darnall,Ackerman,dackerman8y@forbes.com,Genderqueer,98.109.140.35
324,Petronia,Gyngyll,pgyngyll8z@shop-pro.jp,Male,55.191.248.152
325,Bobbe,MacAllester,bmacallester90@bravesites.com,Genderfluid,250.103.178.168
326,Francine,McCurtin,fmccurtin91@seattletimes.com,Non-binary,231.110.97.196
327,Norrie,Blenkiron,nblenkiron92@ow.ly,Male,203.63.155.153
328,Gertrude,Goligly,ggoligly93@apache.org,Agender,123.208.246.129
329,Witty,Warsop,wwarsop94@odnoklassniki.ru,Non-binary,160.211.164.106
330,Bessie,Flaune,bflaune95@topsy.com,Female,136.108.126.227
331,Joana,Feechan,jfeechan96@bigcartel.com,Bigender,45.170.167.231
332,Lettie,Woan,lwoan97@cbsnews.com,Female,251.94.186.251
333,Karalynn,Crispin,kcrispin98@uiuc.edu,Genderqueer,96.158.238.19
334,Shawnee,McQuillan,smcquillan99@statcounter.com,Polygender,207.7.78.110
335,Bil,Relph,brelph9a@yellowpages.com,Female,254.120.241.102
336,Marylin,Yackiminie,myackiminie9b@amazon.co.jp,Genderqueer,47.6.192.81
337,Iain,Francecione,ifrancecione9c@topsy.com,Bigender,103.9.193.10
338,Margaretta,Petrowsky,mpetrowsky9d@state.tx.us,Bigender,12.200.95.240
339,Hillary,Killingback,hkillingback9e@seesaa.net,Genderfluid,26.56.219.193
340,Win,Malicki,wmalicki9f@yandex.ru,Female,232.128.132.63
341,Raeann,Blasiak,rblasiak9g@tmall.com,Female,126.255.114.141
342,Orrin,Shelmerdine,oshelmerdine9h@wunderground.com,Polygender,51.160.90.44
343,Darrick,Hillhouse,dhillhouse9i@taobao.com,Genderfluid,38.89.46.120
344,Bettina,Fipp,bfipp9j@etsy.com,Bigender,67.171.137.114
345,Florian,Speck,fspeck9k@github.com,Male,1.22.187.243
346,Corella,Arcase,carcase9l@fc2.com,Agender,171.161.192.117
347,Teddy,Sellstrom,tsellstrom9m@usgs.gov,Non-binary,105.81.43.191
348,Britney,Musslewhite,bmusslewhite9n@hatena.ne.jp,Agender,88.112.189.143
349,Concettina,Edelston,cedelston9o@example.com,Agender,236.175.235.174
350,Katey,Pomroy,kpomroy9p@arstechnica.com,Non-binary,211.27.148.18
351,Cara,Rubury,crubury9q@ameblo.jp,Polygender,201.35.92.143
352,Saloma,Paviour,spaviour9r@psu.edu,Polygender,152.47.85.249
353,Eimile,Betser,ebetser9s@xrea.com,Male,62.160.229.29
354,Elfrieda,Moors,emoors9t@github.io,Female,120.116.191.189
355,Vivia,Streak,vstreak9u@mashable.com,Non-binary,64.61.252.231
356,Fonz,Smethurst,fsmethurst9v@privacy.gov.au,Agender,29.25.139.171
357,Garvy,Carillo,gcarillo9w@usnews.com,Polygender,198.55.195.84
358,Grantley,MacKim,gmackim9x@xinhuanet.com,Agender,182.160.156.104
359,Catina,Weightman,cweightman9y@usa.gov,Genderfluid,227.202.0.252
360,Myrle,Lodin,mlodin9z@sogou.com,Genderfluid,215.189.91.157
361,Dion,Chalke,dchalkea0@linkedin.com,Non-binary,168.166.21.203
362,Valentine,Cherry Holme,vcherryholmea1@hao123.com,Non-binary,215.63.208.161
363,Joseph,Hebbes,jhebbesa2@psu.edu,Genderfluid,255.98.119.175
364,Diane-marie,Sendall,dsendalla3@github.io,Non-binary,213.110.178.47
365,Lind,Caesar,lcaesara4@trellian.com,Male,107.111.132.126
366,Powell,Bloy,pbloya5@cdc.gov,Polygender,133.219.203.64
367,Esma,Rennebeck,erennebecka6@stanford.edu,Female,215.23.23.3
368,Elvina,Gummoe,egummoea7@netvibes.com,Genderqueer,130.98.83.97
369,Cale,Worge,cworgea8@opera.com,Polygender,182.234.58.210
370,Cyril,Scading,cscadinga9@google.es,Polygender,155.147.166.40
371,Dannie,Ferrers,dferrersaa@sun.com,Female,61.14.20.25
372,Helene,McCorrie,hmccorrieab@scientificamerican.com,Genderqueer,250.45.124.181
373,Maritsa,Duggen,mduggenac@ask.com,Female,232.243.245.114
374,Herminia,Pawel,hpawelad@pagesperso-orange.fr,Male,97.114.0.9
375,Beltran,Corck,bcorckae@google.com.br,Female,165.24.250.50
376,Zebadiah,Seeks,zseeksaf@youtube.com,Genderqueer,56.132.160.132
377,Zora,Dunsford,zdunsfordag@ox.ac.uk,Agender,74.10.123.197
378,Tobe,Henryson,thenrysonah@whitehouse.gov,Bigender,56.202.37.8
379,Tildie,Yakunchikov,tyakunchikovai@si.edu,Non-binary,90.228.179.25
380,Lorene,Denisard,ldenisardaj@newsvine.com,Polygender,107.69.66.73
381,Francesco,Treadgear,ftreadgearak@last.fm,Genderfluid,118.163.171.25
382,Rosette,Fronks,rfronksal@weibo.com,Agender,51.35.110.208
383,Kali,McConigal,kmcconigalam@cocolog-nifty.com,Genderqueer,253.161.212.199
384,Elizabet,Wyne,ewynean@networkadvertising.org,Agender,137.50.23.232
385,Dannel,Paddington,dpaddingtonao@ed.gov,Male,104.202.239.235
386,Charmine,Harsent,charsentap@acquirethisname.com,Bigender,149.22.172.196
387,Geri,Brunelleschi,gbrunelleschiaq@drupal.org,Female,159.86.246.35
388,Clair,Endacott,cendacottar@howstuffworks.com,Agender,159.200.24.65
389,Tristam,Stewart,tstewartas@jimdo.com,Non-binary,189.175.124.210
390,Mireille,Pelman,mpelmanat@dropbox.com,Non-binary,229.167.83.83
391,Whitney,Chittem,wchittemau@jalbum.net,Non-binary,120.238.30.92
392,Bent,O'Donnelly,bodonnellyav@domainmarket.com,Female,54.46.30.185
393,Elfrida,Zoellner,ezoellneraw@springer.com,Genderfluid,103.50.230.167
394,Alexei,Le Batteur,alebatteurax@senate.gov,Male,78.31.53.62
395,Freeland,Nijs,fnijsay@skyrock.com,Bigender,48.133.75.201
396,Guthrie,De Pietri,gdepietriaz@freewebs.com,Genderqueer,195.100.161.205
397,Saundra,McFarland,smcfarlandb0@acquirethisname.com,Genderfluid,237.159.207.102
398,Neda,Colbertson,ncolbertsonb1@ocn.ne.jp,Non-binary,232.157.245.231
399,Bob,Lode,blodeb2@theatlantic.com,Non-binary,168.240.184.217
400,Gibb,Dochon,gdochonb3@twitter.com,Male,204.240.97.172
401,Edward,Kembry,ekembryb4@moonfruit.com,Polygender,126.60.30.21
402,Walsh,Vondracek,wvondracekb5@mashable.com,Agender,210.1.214.98
403,Karlik,McKerton,kmckertonb6@house.gov,Genderfluid,18.118.115.46
404,Derrik,Follows,dfollowsb7@ihg.com,Non-binary,66.140.237.127
405,Marla,Kerins,mkerinsb8@uol.com.br,Genderqueer,148.155.121.117
406,Cristen,Greenhall,cgreenhallb9@smugmug.com,Non-binary,253.181.90.21
407,Mufinella,McComb,mmccombba@squarespace.com,Polygender,248.130.79.25
408,Roldan,Dearness,rdearnessbb@eepurl.com,Female,58.235.189.224
409,Iosep,Luisetti,iluisettibc@php.net,Male,117.60.198.116
410,Sancho,Challis,schallisbd@netvibes.com,Agender,76.165.21.87
411,Sigfried,Masdon,smasdonbe@wp.com,Bigender,230.84.212.158
412,Conway,Frostick,cfrostickbf@eepurl.com,Non-binary,149.172.115.71
413,Frans,McCahill,fmccahillbg@accuweather.com,Genderqueer,239.25.184.103
414,Carole,Falks,cfalksbh@guardian.co.uk,Polygender,63.204.228.254
415,Fernandina,Ryton,frytonbi@typepad.com,Female,189.29.47.252
416,Gabriell,Brumbye,gbrumbyebj@sakura.ne.jp,Bigender,227.114.130.80
417,Nelli,Ealam,nealambk@free.fr,Bigender,56.170.199.122
418,Olivie,Burgyn,oburgynbl@zdnet.com,Genderfluid,58.12.15.71
419,Claudine,Westhofer,cwesthoferbm@ebay.com,Agender,42.206.171.55
420,Leandra,Benzie,lbenziebn@theguardian.com,Genderqueer,239.157.178.241
421,Caressa,Leatham,cleathambo@moonfruit.com,Non-binary,201.44.17.221
422,Marcile,Bardwell,mbardwellbp@narod.ru,Agender,53.199.193.234
423,Tiffy,Lantaph,tlantaphbq@paypal.com,Bigender,31.147.128.210
424,Kelci,Tomaskunas,ktomaskunasbr@hubpages.com,Agender,239.104.87.21
425,Clair,Symson,csymsonbs@friendfeed.com,Non-binary,141.24.158.17
426,Ilsa,Benterman,ibentermanbt@gov.uk,Agender,66.202.136.185
427,Sean,O' Hanvey,sohanveybu@g.co,Male,140.108.133.144
428,Carlie,Eberst,ceberstbv@admin.ch,Bigender,77.224.185.134
429,Reena,Rattrie,rrattriebw@163.com,Bigender,174.214.174.167
430,Ferdy,Bryer,fbryerbx@cocolog-nifty.com,Male,119.46.114.100
431,Leigh,Burgan,lburganby@cbc.ca,Non-binary,67.196.224.34
432,Florette,Aizikovitz,faizikovitzbz@msu.edu,Male,49.206.57.178
433,Mercedes,McNicol,mmcnicolc0@nps.gov,Genderfluid,234.171.193.49
434,Britta,Karlsen,bkarlsenc1@amazon.co.uk,Non-binary,38.113.191.220
435,Merv,Clevely,mclevelyc2@eventbrite.com,Genderfluid,155.223.81.186
436,Ragnar,Thorne,rthornec3@answers.com,Polygender,136.202.31.241
437,Melisse,Dodman,mdodmanc4@biglobe.ne.jp,Agender,87.175.244.170
438,Coleman,Danne,cdannec5@storify.com,Genderfluid,140.88.197.221
439,April,Nast,anastc6@yellowpages.com,Bigender,229.46.177.188
440,Rafaelita,Guidotti,rguidottic7@ustream.tv,Agender,252.16.186.194
441,Kandy,Reany,kreanyc8@xing.com,Genderqueer,178.118.129.103
442,Philipa,Ketchen,pketchenc9@elegantthemes.com,Non-binary,243.210.128.6
443,Christiane,Zanuciolii,czanucioliica@tinyurl.com,Agender,18.200.136.192
444,Faustina,Standish-Brooks,fstandishbrookscb@photobucket.com,Agender,94.97.92.201
445,Karalynn,Sherringham,ksherringhamcc@ox.ac.uk,Polygender,19.102.62.8
446,Anjela,Nel,anelcd@accuweather.com,Bigender,62.141.44.25
447,Marji,Collingworth,mcollingworthce@senate.gov,Genderfluid,60.171.174.96
448,Frasier,Boote,fbootecf@issuu.com,Male,124.86.22.211
449,Kailey,Esslement,kesslementcg@prweb.com,Genderfluid,87.156.133.38
450,Demott,Adame,dadamech@google.ca,Genderqueer,224.195.71.89
451,Clarabelle,Kestell,ckestellci@ed.gov,Non-binary,165.210.15.197
452,Kenna,Best,kbestcj@people.com.cn,Non-binary,189.157.106.34
453,Leeanne,Vanshin,lvanshinck@mit.edu,Non-binary,219.171.113.82
454,Jody,Cutcliffe,jcutcliffecl@uiuc.edu,Non-binary,0.45.139.69
455,Estrella,Simson,esimsoncm@bbb.org,Non-binary,217.32.111.176
456,Felecia,Koenraad,fkoenraadcn@omniture.com,Male,243.76.9.167
457,Leonie,Bielfelt,lbielfeltco@booking.com,Polygender,33.67.5.101
458,Emmery,Burborough,eburboroughcp@theguardian.com,Non-binary,21.210.10.110
459,Yovonnda,Hattam,yhattamcq@berkeley.edu,Genderfluid,153.184.67.59
460,Farr,Capitano,fcapitanocr@ihg.com,Female,223.205.237.99
461,Lilyan,De Beneditti,ldebenedittics@google.co.uk,Bigender,26.105.136.71
462,Alecia,MacCole,amaccolect@latimes.com,Polygender,157.224.202.12
463,Conant,Dumblton,cdumbltoncu@wiley.com,Genderfluid,81.221.168.165
464,Vida,Butter,vbuttercv@bbc.co.uk,Non-binary,146.235.216.129
465,Reagan,Bottoner,rbottonercw@mlb.com,Non-binary,158.217.63.17
466,Delilah,Broady,dbroadycx@cbslocal.com,Polygender,175.151.224.143
467,Myrta,Bulstrode,mbulstrodecy@imdb.com,Genderqueer,66.2.147.65
468,Marlow,De Benedictis,mdebenedictiscz@yellowbook.com,Bigender,202.93.70.94
469,Lynne,MacDonell,lmacdonelld0@mapy.cz,Female,140.104.95.57
470,Coralie,MacCall,cmaccalld1@harvard.edu,Non-binary,226.202.64.81
471,Gay,De Fries,gdefriesd2@cyberchimps.com,Agender,56.164.31.31
472,Tiler,Worham,tworhamd3@friendfeed.com,Polygender,9.142.115.172
473,Magdalena,Addey,maddeyd4@geocities.jp,Non-binary,237.140.71.52
474,Meade,Lipprose,mlipprosed5@pagesperso-orange.fr,Polygender,192.76.55.166
475,Berta,Renshall,brenshalld6@merriam-webster.com,Bigender,127.211.89.63
476,Crystal,Halburton,chalburtond7@mac.com,Agender,57.152.189.36
477,Justin,Beushaw,jbeushawd8@intel.com,Polygender,210.241.126.66
478,Hilary,Collomosse,hcollomossed9@hugedomains.com,Genderfluid,119.96.60.54
479,Ivette,Finlaison,ifinlaisonda@github.com,Polygender,192.0.17.222
480,Windy,Van der Son,wvandersondb@npr.org,Polygender,241.48.124.180
481,Cecilio,Stubbeley,cstubbeleydc@google.co.jp,Polygender,96.30.102.201
482,Daphene,Jeffreys,djeffreysdd@a8.net,Male,216.134.237.82
483,Nanette,Tolchard,ntolchardde@moonfruit.com,Male,30.114.128.56
484,Philomena,Alliband,pallibanddf@walmart.com,Male,77.185.60.102
485,Natala,Elfitt,nelfittdg@disqus.com,Male,108.81.162.90
486,Zelda,Bore,zboredh@imageshack.us,Non-binary,45.92.220.187
487,Zarah,Welbelove,zwelbelovedi@cnn.com,Polygender,97.215.148.185
488,Kiley,Ethersey,ketherseydj@amazonaws.com,Non-binary,6.128.81.241
489,Karry,Broadbury,kbroadburydk@list-manage.com,Bigender,22.131.147.65
490,Randi,Renner,rrennerdl@google.co.jp,Male,62.230.77.137
491,Edgar,Adamoli,eadamolidm@cargocollective.com,Bigender,25.18.6.244
492,Jarid,Cattel,jcatteldn@independent.co.uk,Female,61.135.85.163
493,Janela,Sam,jsamdo@ning.com,Female,120.185.229.218
494,Drucie,Hellmore,dhellmoredp@unesco.org,Female,102.143.11.86
495,Sapphire,Strickett,sstrickettdq@chicagotribune.com,Female,193.173.165.115
496,Bobette,Chiplin,bchiplindr@php.net,Genderqueer,101.229.69.168
497,Jaymee,Dounbare,jdounbareds@jalbum.net,Genderqueer,155.91.161.255
498,Krystyna,Ackenson,kackensondt@usgs.gov,Male,203.50.164.92
499,Pierette,Zorzutti,pzorzuttidu@addtoany.com,Genderfluid,30.155.14.12
500,Trista,Tofts,ttoftsdv@wisc.edu,Female,67.44.199.246